"N","J","Distribution","Response","Alpha.mean","Alpha.sd","Omega.mean","Omega.sd"
  10, 3,"heavy","acquiescent",0.572375098,0.383381536,0.682704781,0.240323530
  30, 3,"heavy","acquiescent",0.683083852,0.183081535,0.720138238,0.132689184
  50, 3,"heavy","acquiescent",0.709412609,0.098218583,0.727348700,0.090528994
 100, 3,"heavy","acquiescent",0.715869046,0.081750557,0.725778188,0.076580796
 200, 3,"heavy","acquiescent",0.734543384,0.070549071,0.738702235,0.069391280
 300, 3,"heavy","acquiescent",0.735509181,0.053093636,0.738389946,0.052521304
 400, 3,"heavy","acquiescent",0.745471699,0.063786743,0.748237066,0.063134450
 500, 3,"heavy","acquiescent",0.723495199,0.050477932,0.725577980,0.049793083
 800, 3,"heavy","acquiescent",0.746341353,0.044526226,0.748583433,0.043866293
1000, 3,"heavy","acquiescent",0.755670874,0.067400567,0.757975344,0.066822133
2000, 3,"heavy","acquiescent",0.748081872,0.041548921,0.749914664,0.041522687
3000, 3,"heavy","acquiescent",0.748864389,0.038345359,0.750799532,0.038294646
4000, 3,"heavy","acquiescent",0.748016343,0.037412527,0.749699492,0.037438030
5000, 3,"heavy","acquiescent",0.761277971,0.045004857,0.762859830,0.044653303
  30,10,"heavy","acquiescent",0.887779827,0.053728703,0.891619654,0.052419565
  50,10,"heavy","acquiescent",0.895504461,0.048136265,0.898378873,0.045985203
 100,10,"heavy","acquiescent",0.897128265,0.025214211,0.898789098,0.024609788
 200,10,"heavy","acquiescent",0.900196382,0.027339825,0.901293276,0.026887182
 300,10,"heavy","acquiescent",0.901059971,0.020774546,0.902073218,0.020416629
 400,10,"heavy","acquiescent",0.902507333,0.019220420,0.903381052,0.018946949
 500,10,"heavy","acquiescent",0.904573631,0.019064507,0.905418781,0.018813266
 800,10,"heavy","acquiescent",0.907360461,0.022956399,0.908159354,0.022631824
1000,10,"heavy","acquiescent",0.905074588,0.012807674,0.905749176,0.012642526
2000,10,"heavy","acquiescent",0.908246765,0.011033972,0.908902221,0.010886017
3000,10,"heavy","acquiescent",0.908733452,0.017834383,0.909326159,0.017696676
4000,10,"heavy","acquiescent",0.912007200,0.015491381,0.912594414,0.015312561
5000,10,"heavy","acquiescent",0.910926402,0.010193027,0.911526914,0.010080376
  30,20,"heavy","acquiescent",0.935508254,0.034187693,0.937453837,0.033358644
  50,20,"heavy","acquiescent",0.934081601,0.021001990,0.935754868,0.020159325
 100,20,"heavy","acquiescent",0.946228012,0.015954279,0.947062322,0.015610836
 200,20,"heavy","acquiescent",0.947059828,0.010740427,0.947625467,0.010521620
 300,20,"heavy","acquiescent",0.945490289,0.009699551,0.946075226,0.009425315
 400,20,"heavy","acquiescent",0.948969771,0.011786267,0.949418873,0.011603132
 500,20,"heavy","acquiescent",0.948402938,0.009110418,0.948843811,0.008947636
 800,20,"heavy","acquiescent",0.951244967,0.007527431,0.951632849,0.007407954
1000,20,"heavy","acquiescent",0.950537242,0.007071658,0.950922663,0.006947205
2000,20,"heavy","acquiescent",0.952675608,0.006188059,0.953021178,0.006099668
3000,20,"heavy","acquiescent",0.953167121,0.005720410,0.953491623,0.005628682
4000,20,"heavy","acquiescent",0.952197327,0.005910758,0.952524527,0.005841124
5000,20,"heavy","acquiescent",0.953758939,0.006973680,0.954051730,0.006879645
  10, 3,"normal","acquiescent",0.697389744,0.260512975,0.757954200,0.178426446
  30, 3,"normal","acquiescent",0.724061210,0.118821351,0.751867275,0.093320118
  50, 3,"normal","acquiescent",0.737459307,0.064734641,0.751577602,0.059518600
 100, 3,"normal","acquiescent",0.755629903,0.043282482,0.761300672,0.040719282
 200, 3,"normal","acquiescent",0.753301372,0.044225357,0.757765105,0.042557125
 300, 3,"normal","acquiescent",0.753708609,0.038588624,0.756992675,0.038505112
 400, 3,"normal","acquiescent",0.747729867,0.034896913,0.750736479,0.034159299
 500, 3,"normal","acquiescent",0.752999445,0.034831414,0.754854135,0.035033629
 800, 3,"normal","acquiescent",0.748664459,0.042935301,0.750236077,0.042950654
1000, 3,"normal","acquiescent",0.755676253,0.030383154,0.757663524,0.030284849
2000, 3,"normal","acquiescent",0.760154247,0.032138112,0.761750355,0.032073588
3000, 3,"normal","acquiescent",0.763600596,0.032907545,0.765148756,0.032635865
4000, 3,"normal","acquiescent",0.760187078,0.034296833,0.761739013,0.034062592
5000, 3,"normal","acquiescent",0.753573380,0.037324458,0.755495026,0.036856903
  30,10,"normal","acquiescent",0.907613970,0.029621371,0.910573516,0.029073235
  50,10,"normal","acquiescent",0.909210965,0.022652499,0.911314199,0.021738819
 100,10,"normal","acquiescent",0.908895226,0.015444385,0.910299319,0.015034984
 200,10,"normal","acquiescent",0.905914029,0.016745705,0.906899517,0.016394103
 300,10,"normal","acquiescent",0.909558449,0.011483320,0.910385665,0.011379429
 400,10,"normal","acquiescent",0.911230824,0.010877233,0.912020800,0.010723106
 500,10,"normal","acquiescent",0.910212319,0.010148805,0.910907859,0.010173021
 800,10,"normal","acquiescent",0.911633449,0.009508018,0.912338239,0.009398357
1000,10,"normal","acquiescent",0.910714070,0.009700024,0.911355246,0.009695028
2000,10,"normal","acquiescent",0.911619168,0.008546022,0.912207700,0.008512178
3000,10,"normal","acquiescent",0.912955034,0.009537493,0.913535862,0.009545450
4000,10,"normal","acquiescent",0.914032911,0.008814920,0.914549671,0.008775104
5000,10,"normal","acquiescent",0.912383854,0.008572358,0.912949319,0.008572191
  30,20,"normal","acquiescent",0.951357109,0.012970635,0.952923405,0.012543815
  50,20,"normal","acquiescent",0.953098540,0.009727485,0.954052392,0.009383462
 100,20,"normal","acquiescent",0.952948716,0.008488540,0.953590972,0.008382833
 200,20,"normal","acquiescent",0.953088586,0.004413197,0.953550529,0.004324968
 300,20,"normal","acquiescent",0.954174362,0.004909915,0.954573553,0.004825967
 400,20,"normal","acquiescent",0.954253441,0.004916294,0.954596619,0.004851662
 500,20,"normal","acquiescent",0.954251935,0.004916966,0.954588344,0.004870996
 800,20,"normal","acquiescent",0.953769132,0.004880321,0.954097441,0.004849625
1000,20,"normal","acquiescent",0.954106858,0.003432452,0.954395479,0.003404824
2000,20,"normal","acquiescent",0.953779278,0.003394385,0.954085786,0.003352230
3000,20,"normal","acquiescent",0.952895306,0.003751240,0.953200839,0.003747131
4000,20,"normal","acquiescent",0.953768234,0.003154772,0.954051785,0.003132019
5000,20,"normal","acquiescent",0.952952908,0.002618820,0.953248390,0.002608600
  10, 3,"skewed","acquiescent",0.664391513,0.206064480,0.743849224,0.163385274
  30, 3,"skewed","acquiescent",0.706686774,0.129842945,0.738318648,0.101268607
  50, 3,"skewed","acquiescent",0.740708401,0.091313448,0.753071440,0.082567209
 100, 3,"skewed","acquiescent",0.744255519,0.060475626,0.752217081,0.058752918
 200, 3,"skewed","acquiescent",0.744983349,0.054342814,0.749300346,0.052593975
 300, 3,"skewed","acquiescent",0.754504870,0.035753300,0.757596188,0.034980437
 400, 3,"skewed","acquiescent",0.758802042,0.046096658,0.761523548,0.045406476
 500, 3,"skewed","acquiescent",0.760404017,0.036663067,0.763027133,0.036620922
 800, 3,"skewed","acquiescent",0.750574762,0.037742074,0.752802436,0.037705662
1000, 3,"skewed","acquiescent",0.749089543,0.039087578,0.751387069,0.038503527
2000, 3,"skewed","acquiescent",0.751636321,0.032696678,0.753530653,0.032547772
3000, 3,"skewed","acquiescent",0.755455399,0.037060454,0.756872188,0.037042564
4000, 3,"skewed","acquiescent",0.754676308,0.033845522,0.756129051,0.033897871
5000, 3,"skewed","acquiescent",0.750490841,0.033007264,0.752198936,0.033127597
  30,10,"skewed","acquiescent",0.877272436,0.081955555,0.878568769,0.094963261
  50,10,"skewed","acquiescent",0.899470757,0.034992866,0.901769415,0.033780976
 100,10,"skewed","acquiescent",0.910441186,0.021128488,0.911668550,0.020540398
 200,10,"skewed","acquiescent",0.906963707,0.013347090,0.908094721,0.013130126
 300,10,"skewed","acquiescent",0.911126528,0.013548636,0.911918146,0.013358298
 400,10,"skewed","acquiescent",0.909402910,0.013909189,0.910107436,0.013858256
 500,10,"skewed","acquiescent",0.912087580,0.011507264,0.912762519,0.011427457
 800,10,"skewed","acquiescent",0.911102633,0.009407340,0.911724910,0.009327654
1000,10,"skewed","acquiescent",0.911125515,0.009437291,0.911737731,0.009380566
2000,10,"skewed","acquiescent",0.912631341,0.008892540,0.913180933,0.008821015
3000,10,"skewed","acquiescent",0.911870752,0.007969424,0.912454018,0.007892184
4000,10,"skewed","acquiescent",0.912370485,0.007960053,0.912884882,0.007884083
5000,10,"skewed","acquiescent",0.912437202,0.009237117,0.912968680,0.009205241
  30,20,"skewed","acquiescent",0.941611063,0.023650188,0.943291098,0.023094438
  50,20,"skewed","acquiescent",0.951101279,0.014219145,0.952082398,0.013835591
 100,20,"skewed","acquiescent",0.953320321,0.010322950,0.953961920,0.010053373
 200,20,"skewed","acquiescent",0.953586307,0.007027003,0.954058996,0.006910441
 300,20,"skewed","acquiescent",0.952968562,0.006502507,0.953361427,0.006423383
 400,20,"skewed","acquiescent",0.954356366,0.006757393,0.954699623,0.006667866
 500,20,"skewed","acquiescent",0.953669663,0.004770308,0.954023194,0.004672562
 800,20,"skewed","acquiescent",0.953937876,0.003870125,0.954288245,0.003796048
1000,20,"skewed","acquiescent",0.952856309,0.004967446,0.953186816,0.004902298
2000,20,"skewed","acquiescent",0.953803098,0.003983033,0.954100347,0.003961396
3000,20,"skewed","acquiescent",0.954323053,0.003695003,0.954620381,0.003662250
4000,20,"skewed","acquiescent",0.954622734,0.003304976,0.954891588,0.003282811
5000,20,"skewed","acquiescent",0.954714955,0.003479711,0.954975531,0.003459620
  10, 3,"heavy","consistent",0.572636418,0.429373072,0.702271056,0.212605737
  30, 3,"heavy","consistent",0.680575868,0.158740646,0.713757018,0.131556883
  50, 3,"heavy","consistent",0.715880375,0.106214058,0.732797071,0.097253217
 100, 3,"heavy","consistent",0.708440824,0.117682979,0.721167821,0.099850615
 200, 3,"heavy","consistent",0.709193294,0.092971748,0.715786460,0.088967189
 300, 3,"heavy","consistent",0.729926179,0.076733859,0.733737824,0.074802978
 400, 3,"heavy","consistent",0.731987959,0.053801456,0.735845244,0.051936578
 500, 3,"heavy","consistent",0.743234131,0.066052633,0.746056614,0.064904824
 800, 3,"heavy","consistent",0.733778019,0.054801371,0.736368975,0.053740941
1000, 3,"heavy","consistent",0.725145127,0.056862289,0.727267102,0.056169787
2000, 3,"heavy","consistent",0.747133522,0.048260095,0.749218280,0.048208055
3000, 3,"heavy","consistent",0.735852791,0.040070321,0.738053837,0.040298821
4000, 3,"heavy","consistent",0.739441088,0.043068445,0.741245879,0.042955183
5000, 3,"heavy","consistent",0.735962767,0.049781170,0.737702668,0.049655582
  30,10,"heavy","consistent",0.852112461,0.058466997,0.855765117,0.060019060
  50,10,"heavy","consistent",0.869664323,0.057491797,0.873446493,0.055251274
 100,10,"heavy","consistent",0.894951779,0.033393810,0.896688890,0.032443779
 200,10,"heavy","consistent",0.889568157,0.031646037,0.890986551,0.031045180
 300,10,"heavy","consistent",0.896870946,0.026809090,0.897931859,0.026435666
 400,10,"heavy","consistent",0.890270541,0.025245225,0.891306376,0.024870829
 500,10,"heavy","consistent",0.896054786,0.022908701,0.897044484,0.022548098
 800,10,"heavy","consistent",0.894953190,0.023357448,0.895847959,0.023051785
1000,10,"heavy","consistent",0.903407845,0.022013179,0.904150023,0.021725629
2000,10,"heavy","consistent",0.901421751,0.017339165,0.902201554,0.017069287
3000,10,"heavy","consistent",0.904043665,0.021338289,0.904738993,0.021128190
4000,10,"heavy","consistent",0.905178142,0.014816562,0.905888589,0.014623677
5000,10,"heavy","consistent",0.904071401,0.012015257,0.904729730,0.011879064
  30,20,"heavy","consistent",0.938488805,0.027033013,0.940474738,0.026097374
  50,20,"heavy","consistent",0.936054842,0.030439619,0.937611174,0.029406317
 100,20,"heavy","consistent",0.941732902,0.020441314,0.942749684,0.019933482
 200,20,"heavy","consistent",0.938856884,0.014956303,0.939695248,0.014549439
 300,20,"heavy","consistent",0.943209961,0.015157227,0.943792592,0.014928660
 400,20,"heavy","consistent",0.944755682,0.016108103,0.945330780,0.015840855
 500,20,"heavy","consistent",0.945596049,0.011131588,0.946118616,0.010944007
 800,20,"heavy","consistent",0.948378866,0.009825505,0.948806818,0.009636874
1000,20,"heavy","consistent",0.945922281,0.010461209,0.946369583,0.010276398
2000,20,"heavy","consistent",0.949126146,0.006228835,0.949537384,0.006118911
3000,20,"heavy","consistent",0.947019864,0.009513954,0.947425715,0.009370827
4000,20,"heavy","consistent",0.948835155,0.006296591,0.949196956,0.006208597
5000,20,"heavy","consistent",0.951461405,0.007867243,0.951804643,0.007741764
  10, 3,"normal","consistent",0.696740703,0.174263362,0.769151520,0.132240286
  30, 3,"normal","consistent",0.730407139,0.086887976,0.750861954,0.080362254
  50, 3,"normal","consistent",0.727627964,0.069057626,0.741845585,0.063186155
 100, 3,"normal","consistent",0.723141598,0.064951477,0.731521886,0.056622503
 200, 3,"normal","consistent",0.746803529,0.046044399,0.751613903,0.044472510
 300, 3,"normal","consistent",0.739566220,0.049010560,0.742997502,0.048180910
 400, 3,"normal","consistent",0.739523374,0.037509116,0.742138681,0.037193677
 500, 3,"normal","consistent",0.741318297,0.041103336,0.744321387,0.039951887
 800, 3,"normal","consistent",0.746074802,0.036770075,0.748928742,0.035764607
1000, 3,"normal","consistent",0.723630610,0.043976416,0.725740877,0.044040897
2000, 3,"normal","consistent",0.734559431,0.043093941,0.736522491,0.043178757
3000, 3,"normal","consistent",0.742990462,0.036090881,0.745001056,0.035867189
4000, 3,"normal","consistent",0.739314312,0.035804277,0.741292287,0.035812469
5000, 3,"normal","consistent",0.739248261,0.035469180,0.740839930,0.035300815
  30,10,"normal","consistent",0.898807429,0.026388636,0.901847256,0.025658301
  50,10,"normal","consistent",0.897329040,0.033146780,0.899736374,0.032059578
 100,10,"normal","consistent",0.905822734,0.016858002,0.907060859,0.016644001
 200,10,"normal","consistent",0.905463642,0.014575980,0.906577399,0.014323903
 300,10,"normal","consistent",0.905337047,0.012437351,0.906172790,0.012254766
 400,10,"normal","consistent",0.908524149,0.014217247,0.909221119,0.014106634
 500,10,"normal","consistent",0.905170709,0.010199307,0.905945668,0.010042503
 800,10,"normal","consistent",0.905169344,0.009697936,0.905831093,0.009688975
1000,10,"normal","consistent",0.905821386,0.009782832,0.906523364,0.009665424
2000,10,"normal","consistent",0.905478876,0.008152866,0.906138998,0.008085980
3000,10,"normal","consistent",0.907417735,0.010882250,0.907991085,0.010841945
4000,10,"normal","consistent",0.904957394,0.009819173,0.905574731,0.009822634
5000,10,"normal","consistent",0.906070294,0.010745322,0.906741096,0.010669423
  30,20,"normal","consistent",0.946961299,0.015531714,0.948576067,0.014854369
  50,20,"normal","consistent",0.947868298,0.010423389,0.949013716,0.010009672
 100,20,"normal","consistent",0.949414131,0.008782668,0.950133340,0.008598455
 200,20,"normal","consistent",0.948708390,0.005315857,0.949290370,0.005193155
 300,20,"normal","consistent",0.951431825,0.005661581,0.951903404,0.005574183
 400,20,"normal","consistent",0.950606431,0.004360851,0.951020986,0.004303757
 500,20,"normal","consistent",0.949576211,0.004651525,0.949972593,0.004579521
 800,20,"normal","consistent",0.949322041,0.003503183,0.949701268,0.003473242
1000,20,"normal","consistent",0.949854392,0.004302918,0.950186259,0.004282126
2000,20,"normal","consistent",0.951161477,0.003952342,0.951503571,0.003909919
3000,20,"normal","consistent",0.951291469,0.003902802,0.951637796,0.003873602
4000,20,"normal","consistent",0.950141386,0.003890726,0.950477061,0.003887199
5000,20,"normal","consistent",0.950235412,0.003636885,0.950562787,0.003617597
  10, 3,"skewed","consistent",0.595056810,0.264030017,0.699417091,0.175382900
  30, 3,"skewed","consistent",0.707787458,0.116831268,0.741172782,0.088249522
  50, 3,"skewed","consistent",0.710452374,0.099049368,0.726722376,0.089662212
 100, 3,"skewed","consistent",0.721497705,0.061936759,0.729457464,0.059631204
 200, 3,"skewed","consistent",0.725884993,0.055200863,0.730657275,0.053164898
 300, 3,"skewed","consistent",0.741435350,0.051972979,0.744346854,0.051393369
 400, 3,"skewed","consistent",0.742466444,0.044567214,0.745191546,0.044347839
 500, 3,"skewed","consistent",0.753648516,0.033870064,0.755868478,0.033105312
 800, 3,"skewed","consistent",0.748546664,0.032399220,0.750883469,0.031972103
1000, 3,"skewed","consistent",0.738734547,0.038688014,0.740448133,0.038581810
2000, 3,"skewed","consistent",0.743902761,0.042880419,0.745894763,0.042729507
3000, 3,"skewed","consistent",0.743017111,0.036906188,0.744560788,0.036690468
4000, 3,"skewed","consistent",0.736132423,0.032702537,0.737743483,0.032622933
5000, 3,"skewed","consistent",0.749469528,0.035219317,0.751121584,0.034933306
  30,10,"skewed","consistent",0.900180342,0.039806219,0.903858057,0.037720303
  50,10,"skewed","consistent",0.892290863,0.042933945,0.894522540,0.041985957
 100,10,"skewed","consistent",0.901226371,0.028320500,0.902780904,0.027660142
 200,10,"skewed","consistent",0.901496467,0.016925805,0.902682459,0.016616502
 300,10,"skewed","consistent",0.901527425,0.016673824,0.902474327,0.016389824
 400,10,"skewed","consistent",0.907561301,0.018161026,0.908415116,0.017860000
 500,10,"skewed","consistent",0.906558271,0.012608723,0.907285738,0.012562872
 800,10,"skewed","consistent",0.906755977,0.010353562,0.907450181,0.010203758
1000,10,"skewed","consistent",0.903200005,0.011485261,0.903920521,0.011405980
2000,10,"skewed","consistent",0.905725701,0.008951249,0.906355897,0.008953923
3000,10,"skewed","consistent",0.907419457,0.008765196,0.908071270,0.008711529
4000,10,"skewed","consistent",0.906837264,0.008528591,0.907501378,0.008521233
5000,10,"skewed","consistent",0.906202177,0.009976409,0.906836235,0.009862877
  30,20,"skewed","consistent",0.938673056,0.026243282,0.940914906,0.025064503
  50,20,"skewed","consistent",0.944573794,0.021556587,0.945842468,0.020846885
 100,20,"skewed","consistent",0.947311684,0.010412404,0.948184575,0.010075867
 200,20,"skewed","consistent",0.949500086,0.009486626,0.950049569,0.009219961
 300,20,"skewed","consistent",0.950162089,0.007723241,0.950687357,0.007575315
 400,20,"skewed","consistent",0.950657357,0.007526341,0.951063555,0.007455901
 500,20,"skewed","consistent",0.950638666,0.005806382,0.951048318,0.005723213
 800,20,"skewed","consistent",0.951303915,0.004781119,0.951654652,0.004731761
1000,20,"skewed","consistent",0.950224601,0.004359489,0.950601819,0.004318204
2000,20,"skewed","consistent",0.949721548,0.004436669,0.950069778,0.004391010
3000,20,"skewed","consistent",0.950581076,0.003750063,0.950927812,0.003733184
4000,20,"skewed","consistent",0.950832219,0.003922928,0.951152901,0.003895735
5000,20,"skewed","consistent",0.950009426,0.004516573,0.950351162,0.004498826
  10, 3,"heavy","extreme",0.513056085,0.454532815,0.670921762,0.222719449
  30, 3,"heavy","extreme",0.649963332,0.165031091,0.696339931,0.132707333
  50, 3,"heavy","extreme",0.678473266,0.127034593,0.699374498,0.115814424
 100, 3,"heavy","extreme",0.712572585,0.099507225,0.726705501,0.086648018
 200, 3,"heavy","extreme",0.712552638,0.057851186,0.718297405,0.056048432
 300, 3,"heavy","extreme",0.721101025,0.080390844,0.725366414,0.077908160
 400, 3,"heavy","extreme",0.722604532,0.074049311,0.725899016,0.072839772
 500, 3,"heavy","extreme",0.727626517,0.057102491,0.730562252,0.056368694
 800, 3,"heavy","extreme",0.736281163,0.060449608,0.738990441,0.059650074
1000, 3,"heavy","extreme",0.725582588,0.064476941,0.728392400,0.063608848
2000, 3,"heavy","extreme",0.739830895,0.054555769,0.741820861,0.054273345
3000, 3,"heavy","extreme",0.725937410,0.044239927,0.727722001,0.044079984
4000, 3,"heavy","extreme",0.731024024,0.048522787,0.732883102,0.048499848
5000, 3,"heavy","extreme",0.738214547,0.048020190,0.739762987,0.048027221
  30,10,"heavy","extreme",0.874477239,0.058078914,0.878236126,0.056781963
  50,10,"heavy","extreme",0.875708129,0.060330959,0.879251967,0.058230915
 100,10,"heavy","extreme",0.885047161,0.036468508,0.887218296,0.035219412
 200,10,"heavy","extreme",0.893089679,0.032328853,0.894449917,0.031722015
 300,10,"heavy","extreme",0.901492689,0.026881319,0.902542253,0.026426043
 400,10,"heavy","extreme",0.903976557,0.024861991,0.904906748,0.024554965
 500,10,"heavy","extreme",0.902745399,0.026543135,0.903626348,0.026279747
 800,10,"heavy","extreme",0.902320806,0.020084479,0.903163249,0.019743640
1000,10,"heavy","extreme",0.893379638,0.015020670,0.894321350,0.014721351
2000,10,"heavy","extreme",0.901077497,0.016016313,0.901773387,0.015800367
3000,10,"heavy","extreme",0.901705548,0.016421969,0.902441908,0.016274369
4000,10,"heavy","extreme",0.902131566,0.013755606,0.902927656,0.013531393
5000,10,"heavy","extreme",0.904839263,0.010621376,0.905503695,0.010485349
  30,20,"heavy","extreme",0.929458144,0.032881158,0.931624590,0.031855640
  50,20,"heavy","extreme",0.935912924,0.032180265,0.937418436,0.031528706
 100,20,"heavy","extreme",0.945365553,0.015728792,0.946218323,0.015352197
 200,20,"heavy","extreme",0.943544692,0.015209057,0.944238225,0.014878051
 300,20,"heavy","extreme",0.940172342,0.012281995,0.940861483,0.012050880
 400,20,"heavy","extreme",0.947736023,0.016677013,0.948265576,0.016428959
 500,20,"heavy","extreme",0.941759188,0.012139553,0.942339679,0.011939699
 800,20,"heavy","extreme",0.946792406,0.011976264,0.947270171,0.011755986
1000,20,"heavy","extreme",0.947122225,0.008843723,0.947541881,0.008718641
2000,20,"heavy","extreme",0.948325643,0.008319411,0.948697350,0.008200681
3000,20,"heavy","extreme",0.948864380,0.007803982,0.949251185,0.007665725
4000,20,"heavy","extreme",0.947517378,0.005992878,0.947877582,0.005923368
5000,20,"heavy","extreme",0.948856653,0.007830723,0.949226010,0.007735949
  10, 3,"normal","extreme",0.666345277,0.221772445,0.746063698,0.149124063
  30, 3,"normal","extreme",0.694693391,0.128023337,0.726936893,0.098681471
  50, 3,"normal","extreme",0.720343866,0.097307904,0.733045541,0.091553211
 100, 3,"normal","extreme",0.736066721,0.053043255,0.743070119,0.052540350
 200, 3,"normal","extreme",0.740003639,0.053399224,0.744196279,0.052301570
 300, 3,"normal","extreme",0.735767956,0.046413777,0.739275933,0.045852910
 400, 3,"normal","extreme",0.747563660,0.039130824,0.750959814,0.038298112
 500, 3,"normal","extreme",0.740976757,0.038490649,0.743602379,0.038313430
 800, 3,"normal","extreme",0.743265881,0.031956560,0.746086715,0.031496396
1000, 3,"normal","extreme",0.733840178,0.041042053,0.735924754,0.040983355
2000, 3,"normal","extreme",0.733388471,0.039190964,0.735541979,0.038757545
3000, 3,"normal","extreme",0.740502935,0.040165574,0.742245731,0.039969527
4000, 3,"normal","extreme",0.739565512,0.039133188,0.741562359,0.038822196
5000, 3,"normal","extreme",0.746921256,0.034011447,0.749006132,0.033458426
  30,10,"normal","extreme",0.906648170,0.027014362,0.909732273,0.025665764
  50,10,"normal","extreme",0.903229919,0.025441096,0.905555578,0.024566499
 100,10,"normal","extreme",0.909694759,0.019481782,0.910953730,0.019291245
 200,10,"normal","extreme",0.903631423,0.013376258,0.904642042,0.013260145
 300,10,"normal","extreme",0.905009262,0.012138476,0.905934254,0.011968219
 400,10,"normal","extreme",0.905910238,0.010974911,0.906710092,0.010885285
 500,10,"normal","extreme",0.904750044,0.011534374,0.905607009,0.011445505
 800,10,"normal","extreme",0.905362314,0.010538295,0.906104336,0.010474808
1000,10,"normal","extreme",0.904835765,0.010190835,0.905550505,0.010165398
2000,10,"normal","extreme",0.906308454,0.008230789,0.906927528,0.008194905
3000,10,"normal","extreme",0.906055177,0.007102022,0.906747936,0.007124122
4000,10,"normal","extreme",0.905121075,0.007681262,0.905771380,0.007613627
5000,10,"normal","extreme",0.905387201,0.007916830,0.906032204,0.007897225
  30,20,"normal","extreme",0.949433672,0.014919500,0.951205101,0.014016803
  50,20,"normal","extreme",0.946337628,0.014303024,0.947602995,0.013754282
 100,20,"normal","extreme",0.947887768,0.008283310,0.948593909,0.008093481
 200,20,"normal","extreme",0.950090024,0.007096074,0.950640743,0.006951555
 300,20,"normal","extreme",0.949375511,0.004577709,0.949869378,0.004508820
 400,20,"normal","extreme",0.949253242,0.005318600,0.949693083,0.005266901
 500,20,"normal","extreme",0.948843447,0.004096414,0.949286369,0.004025137
 800,20,"normal","extreme",0.950445761,0.004871861,0.950798946,0.004844670
1000,20,"normal","extreme",0.949393817,0.003850916,0.949768708,0.003791795
2000,20,"normal","extreme",0.950079834,0.004055695,0.950426750,0.004021229
3000,20,"normal","extreme",0.949497408,0.003614458,0.949839178,0.003608605
4000,20,"normal","extreme",0.950810169,0.003593044,0.951133155,0.003576050
5000,20,"normal","extreme",0.950142513,0.003385719,0.950475306,0.003365932
  10, 3,"skewed","extreme",0.604082312,0.330907716,0.710503076,0.188660981
  30, 3,"skewed","extreme",0.693080585,0.129620661,0.723896031,0.104925421
  50, 3,"skewed","extreme",0.726639519,0.091139432,0.739214179,0.085492269
 100, 3,"skewed","extreme",0.724848380,0.093956957,0.733003144,0.089901031
 200, 3,"skewed","extreme",0.726849118,0.050241844,0.731592827,0.049724547
 300, 3,"skewed","extreme",0.739897264,0.046171678,0.743125166,0.045453539
 400, 3,"skewed","extreme",0.734900898,0.052605460,0.737613056,0.051671718
 500, 3,"skewed","extreme",0.734169674,0.037998734,0.737082754,0.038010314
 800, 3,"skewed","extreme",0.725751486,0.045374352,0.728383904,0.045648979
1000, 3,"skewed","extreme",0.741043785,0.045239491,0.743160271,0.044914124
2000, 3,"skewed","extreme",0.737021823,0.037162405,0.738872973,0.037257668
3000, 3,"skewed","extreme",0.730888102,0.042603575,0.732478175,0.042771298
4000, 3,"skewed","extreme",0.734217504,0.038622284,0.736307702,0.038494428
5000, 3,"skewed","extreme",0.740474879,0.033183832,0.742276330,0.033337482
  30,10,"skewed","extreme",0.883943681,0.057855838,0.888355198,0.055614964
  50,10,"skewed","extreme",0.896535547,0.040300463,0.899366881,0.038475279
 100,10,"skewed","extreme",0.902648310,0.023257438,0.904258542,0.022629242
 200,10,"skewed","extreme",0.897868258,0.018036444,0.899162717,0.017501475
 300,10,"skewed","extreme",0.898818470,0.016000467,0.899838872,0.015666127
 400,10,"skewed","extreme",0.905615446,0.010808045,0.906472505,0.010582681
 500,10,"skewed","extreme",0.904423979,0.014700023,0.905178115,0.014481766
 800,10,"skewed","extreme",0.909029237,0.010889341,0.909779146,0.010773245
1000,10,"skewed","extreme",0.907738782,0.010275116,0.908329491,0.010208797
2000,10,"skewed","extreme",0.905243282,0.010264433,0.905847031,0.010210094
3000,10,"skewed","extreme",0.903808726,0.010105776,0.904505436,0.010011486
4000,10,"skewed","extreme",0.905504529,0.010408173,0.906169158,0.010332350
5000,10,"skewed","extreme",0.905126273,0.010161936,0.905822522,0.010115806
  30,20,"skewed","extreme",0.939087677,0.026017044,0.941342642,0.024580254
  50,20,"skewed","extreme",0.946504687,0.016555877,0.947693561,0.016128136
 100,20,"skewed","extreme",0.949157127,0.013484547,0.949863169,0.013234581
 200,20,"skewed","extreme",0.950353924,0.009427294,0.950852336,0.009250576
 300,20,"skewed","extreme",0.949658699,0.007747120,0.950149224,0.007621496
 400,20,"skewed","extreme",0.949246412,0.006976554,0.949739760,0.006829559
 500,20,"skewed","extreme",0.952210924,0.005347842,0.952573973,0.005271591
 800,20,"skewed","extreme",0.949960771,0.005228042,0.950341118,0.005176426
1000,20,"skewed","extreme",0.949767467,0.005188133,0.950144056,0.005108584
2000,20,"skewed","extreme",0.951386944,0.004048639,0.951724257,0.003999227
3000,20,"skewed","extreme",0.950393345,0.003110404,0.950727461,0.003100829
4000,20,"skewed","extreme",0.949583481,0.003906012,0.949936826,0.003867570
5000,20,"skewed","extreme",0.950356300,0.004374828,0.950694420,0.004351528
  10, 3,"heavy","inconsistent",0.163077036,0.575092847,0.477409039,0.263322350
  30, 3,"heavy","inconsistent",0.372711541,0.262156103,0.507033701,0.170573391
  50, 3,"heavy","inconsistent",0.414795395,0.147926313,0.495421287,0.113410200
 100, 3,"heavy","inconsistent",0.459310236,0.142870902,0.498726048,0.124586161
 200, 3,"heavy","inconsistent",0.464089033,0.100162415,0.477718983,0.096515449
 300, 3,"heavy","inconsistent",0.477854802,0.111674797,0.490219344,0.104326550
 400, 3,"heavy","inconsistent",0.462897356,0.076957096,0.471207530,0.074652000
 500, 3,"heavy","inconsistent",0.459965043,0.078595993,0.468163310,0.076954969
 800, 3,"heavy","inconsistent",0.476551820,0.070151933,0.480397200,0.070027028
1000, 3,"heavy","inconsistent",0.485187397,0.073587419,0.487563541,0.073418836
2000, 3,"heavy","inconsistent",0.495937475,0.063629275,0.498307704,0.063140784
3000, 3,"heavy","inconsistent",0.482055442,0.052939764,0.483528620,0.052814289
4000, 3,"heavy","inconsistent",0.494591202,0.050598075,0.496103992,0.050194436
5000, 3,"heavy","inconsistent",0.480268857,0.045829286,0.481601230,0.045776491
  30,10,"heavy","inconsistent",0.671625032,0.111535980,0.671860652,0.116511195
  50,10,"heavy","inconsistent",0.703245220,0.110611483,0.709107263,0.107521014
 100,10,"heavy","inconsistent",0.727491802,0.079152163,0.731367262,0.077495354
 200,10,"heavy","inconsistent",0.740383324,0.057807477,0.742440704,0.056759633
 300,10,"heavy","inconsistent",0.748262410,0.047067745,0.749953290,0.046619817
 400,10,"heavy","inconsistent",0.735581591,0.046220463,0.736989145,0.045842865
 500,10,"heavy","inconsistent",0.755784049,0.044989341,0.756871041,0.044527077
 800,10,"heavy","inconsistent",0.749355396,0.042571121,0.750279920,0.042280018
1000,10,"heavy","inconsistent",0.756807158,0.041605405,0.757532900,0.041421022
2000,10,"heavy","inconsistent",0.757425454,0.036336555,0.758099519,0.036216867
3000,10,"heavy","inconsistent",0.756716069,0.034356061,0.757372817,0.034210329
4000,10,"heavy","inconsistent",0.756272210,0.028179121,0.756851792,0.028089954
5000,10,"heavy","inconsistent",0.760375783,0.019993610,0.760947173,0.019971615
  30,20,"heavy","inconsistent",0.814837381,0.078514178,0.803457525,0.132958466
  50,20,"heavy","inconsistent",0.845399664,0.066667475,0.848571565,0.064914916
 100,20,"heavy","inconsistent",0.842742094,0.047147098,0.844393952,0.046717180
 200,20,"heavy","inconsistent",0.846276882,0.039761237,0.847465724,0.039273197
 300,20,"heavy","inconsistent",0.859916024,0.032004736,0.860644010,0.031768502
 400,20,"heavy","inconsistent",0.858653343,0.034729698,0.859333675,0.034481578
 500,20,"heavy","inconsistent",0.859445582,0.028328250,0.859943880,0.028155968
 800,20,"heavy","inconsistent",0.855890315,0.027128365,0.856327029,0.027026485
1000,20,"heavy","inconsistent",0.861352368,0.022425763,0.861817213,0.022319007
2000,20,"heavy","inconsistent",0.861580060,0.022121625,0.861942549,0.022004686
3000,20,"heavy","inconsistent",0.862489555,0.021434783,0.862838027,0.021354090
4000,20,"heavy","inconsistent",0.867582060,0.019118236,0.867897462,0.019027621
5000,20,"heavy","inconsistent",0.859963756,0.015466202,0.860300185,0.015416496
  10, 3,"normal","inconsistent",0.318804967,0.575981198,0.567626717,0.188879015
  30, 3,"normal","inconsistent",0.475909375,0.195052387,0.558272842,0.147676339
  50, 3,"normal","inconsistent",0.489513866,0.150090547,0.548320451,0.131315559
 100, 3,"normal","inconsistent",0.505312739,0.108064924,0.537889045,0.083808226
 200, 3,"normal","inconsistent",0.503248153,0.062857485,0.517028136,0.058094182
 300, 3,"normal","inconsistent",0.488853420,0.054174574,0.498299175,0.048480190
 400, 3,"normal","inconsistent",0.477447215,0.057391168,0.484962526,0.055292853
 500, 3,"normal","inconsistent",0.492302546,0.049480330,0.498612327,0.048214907
 800, 3,"normal","inconsistent",0.484216585,0.052860016,0.488291739,0.051615168
1000, 3,"normal","inconsistent",0.492816301,0.035337012,0.496285599,0.034302669
2000, 3,"normal","inconsistent",0.497665028,0.035536841,0.499739223,0.035537439
3000, 3,"normal","inconsistent",0.494104500,0.036786751,0.495649496,0.036659412
4000, 3,"normal","inconsistent",0.495008039,0.036890619,0.496530776,0.036652545
5000, 3,"normal","inconsistent",0.489132746,0.034904405,0.490590651,0.035008801
  30,10,"normal","inconsistent",0.751488644,0.073710074,0.755323436,0.077038422
  50,10,"normal","inconsistent",0.750968699,0.060067193,0.756769243,0.057763767
 100,10,"normal","inconsistent",0.754114076,0.036990826,0.757646908,0.035842059
 200,10,"normal","inconsistent",0.755681235,0.026534636,0.757645610,0.026037968
 300,10,"normal","inconsistent",0.759803563,0.024571246,0.761096768,0.024569208
 400,10,"normal","inconsistent",0.761676504,0.023333652,0.762816092,0.023141271
 500,10,"normal","inconsistent",0.761239976,0.018624864,0.762303413,0.018645044
 800,10,"normal","inconsistent",0.762672195,0.015826139,0.763464253,0.015705827
1000,10,"normal","inconsistent",0.765704940,0.014238155,0.766410062,0.014125702
2000,10,"normal","inconsistent",0.764051616,0.015439671,0.764656967,0.015450306
3000,10,"normal","inconsistent",0.764866050,0.015003376,0.765447478,0.015007680
4000,10,"normal","inconsistent",0.767077074,0.014896755,0.767662113,0.014799915
5000,10,"normal","inconsistent",0.765906376,0.014227275,0.766444301,0.014218780
  30,20,"normal","inconsistent",0.856142618,0.039686426,0.859440393,0.038820551
  50,20,"normal","inconsistent",0.858095459,0.031343377,0.860053470,0.031618218
 100,20,"normal","inconsistent",0.860331788,0.020711017,0.861695743,0.020714259
 200,20,"normal","inconsistent",0.865848286,0.014135249,0.866626221,0.014095651
 300,20,"normal","inconsistent",0.867805843,0.011236887,0.868422259,0.011102227
 400,20,"normal","inconsistent",0.868068252,0.012795418,0.868588102,0.012709323
 500,20,"normal","inconsistent",0.865954863,0.010770341,0.866427789,0.010669685
 800,20,"normal","inconsistent",0.861103957,0.009542283,0.861585349,0.009467262
1000,20,"normal","inconsistent",0.867506717,0.008642267,0.867911824,0.008586245
2000,20,"normal","inconsistent",0.865922520,0.008149444,0.866277825,0.008080254
3000,20,"normal","inconsistent",0.866691234,0.005243695,0.867008136,0.005214889
4000,20,"normal","inconsistent",0.866178449,0.006017947,0.866495030,0.006011049
5000,20,"normal","inconsistent",0.865765127,0.005760124,0.866090380,0.005749431
  10, 3,"skewed","inconsistent",0.311183780,0.488064724,0.550262466,0.237338778
  30, 3,"skewed","inconsistent",0.429718637,0.219489920,0.556899199,0.130421493
  50, 3,"skewed","inconsistent",0.445881739,0.165596048,0.536199803,0.123018095
 100, 3,"skewed","inconsistent",0.470005175,0.105781628,0.512049166,0.085185298
 200, 3,"skewed","inconsistent",0.490013809,0.093019727,0.517534932,0.062883417
 300, 3,"skewed","inconsistent",0.489059578,0.054925211,0.499034896,0.053177385
 400, 3,"skewed","inconsistent",0.492413828,0.051650455,0.498130379,0.051280794
 500, 3,"skewed","inconsistent",0.472745363,0.060483076,0.477953517,0.059109563
 800, 3,"skewed","inconsistent",0.486160736,0.040755544,0.489478085,0.040595446
1000, 3,"skewed","inconsistent",0.497838689,0.044257020,0.501137639,0.042172562
2000, 3,"skewed","inconsistent",0.486307698,0.046076251,0.488754270,0.045843066
3000, 3,"skewed","inconsistent",0.489445150,0.038505856,0.491058384,0.038366199
4000, 3,"skewed","inconsistent",0.491991568,0.040441548,0.493406284,0.040379784
5000, 3,"skewed","inconsistent",0.487799528,0.037270439,0.489634382,0.037257854
  30,10,"skewed","inconsistent",0.721661102,0.098332667,0.729898498,0.093866007
  50,10,"skewed","inconsistent",0.735050977,0.080881843,0.740137869,0.079973300
 100,10,"skewed","inconsistent",0.756713766,0.048168501,0.760041615,0.046543694
 200,10,"skewed","inconsistent",0.757234260,0.042684941,0.759256582,0.042041143
 300,10,"skewed","inconsistent",0.761695358,0.033023671,0.763020987,0.032728878
 400,10,"skewed","inconsistent",0.757948863,0.028987256,0.759080399,0.028849552
 500,10,"skewed","inconsistent",0.757008323,0.026700228,0.758059647,0.026663737
 800,10,"skewed","inconsistent",0.756599963,0.022913771,0.757415173,0.022770185
1000,10,"skewed","inconsistent",0.764709208,0.017468296,0.765459201,0.017341832
2000,10,"skewed","inconsistent",0.764253438,0.015995325,0.764886119,0.015961623
3000,10,"skewed","inconsistent",0.766807847,0.013822792,0.767427306,0.013774883
4000,10,"skewed","inconsistent",0.764638598,0.013073774,0.765162925,0.012994693
5000,10,"skewed","inconsistent",0.761900954,0.013310776,0.762430484,0.013254565
  30,20,"skewed","inconsistent",0.840840290,0.059208139,0.842821533,0.061812911
  50,20,"skewed","inconsistent",0.847692470,0.043291744,0.849971479,0.043377827
 100,20,"skewed","inconsistent",0.857545037,0.033571805,0.859020116,0.033053547
 200,20,"skewed","inconsistent",0.863209182,0.019543464,0.864041922,0.019346075
 300,20,"skewed","inconsistent",0.865066786,0.016077038,0.865692249,0.016123702
 400,20,"skewed","inconsistent",0.865129367,0.015330308,0.865654169,0.015209797
 500,20,"skewed","inconsistent",0.865555367,0.015067572,0.866077076,0.014983464
 800,20,"skewed","inconsistent",0.865159100,0.014802984,0.865585545,0.014736877
1000,20,"skewed","inconsistent",0.865508733,0.010766235,0.865903324,0.010714842
2000,20,"skewed","inconsistent",0.864082744,0.007660835,0.864437875,0.007598716
3000,20,"skewed","inconsistent",0.865204915,0.008428610,0.865536180,0.008405775
4000,20,"skewed","inconsistent",0.865291774,0.008061396,0.865644507,0.008031959
5000,20,"skewed","inconsistent",0.867953739,0.006717707,0.868268397,0.006711497
